run_folder,system,label,hills,colvar,colvar_rows,t_last_ps,colvar_time_scale,dG_chi2_1ps_d100,jk50_SE_1ps,dG_rotamer_1ps_d100,dG_chi2_10ps_d100,dG_chi2_1ps_d0,dG_chi2_1ps_d200
simulations/CRY1_TH301/primary1_IN_seed_2530ps,CRY1_TH301,"Primary Run 1 (IN seed, 2530 ps)",HILLS_md_01_positive_2530ps.gz,COLVAR_md_01.gz,500001,500000.0000,1.0000,-1.7133,0.5266,-1.7332,-1.7363,-1.9131,-1.8045
simulations/CRY1_TH301/primary2_transition_seed_24710ps,CRY1_TH301,"Primary Run 2 (near-zero chi2 seed, 24710 ps)",HILLS_md_02_transition_24710ps.gz,COLVAR_WTMD_02.gz,500001,500000.0000,1.0000,-0.7539,0.4377,-0.9319,-0.7350,-1.0195,-0.3881
simulations/CRY1_TH301/primary3_OUT_seed_113160ps,CRY1_TH301,"Primary Run 3 (OUT seed, 113160 ps)",HILLS_md_03_negative_113160ps.gz,COLVAR_md_03.gz,500001,500000.0000,1.0000,-0.5265,0.1814,-0.8021,-0.5329,-0.5264,-0.6883
simulations/CRY1_TH301/validation1_transition_seed_93110ps,CRY1_TH301,"Second seed set Run 1 (near-zero chi2 seed, 93110 ps)",HILLS_md_01.gz,COLVAR_md_01.gz,500001,500000.0000,1.0000,-1.7894,0.5535,-2.3441,-1.8006,-1.6271,-1.8956
simulations/CRY1_TH301/validation2_OUT_seed_66070ps,CRY1_TH301,"Second seed set Run 2 (OUT seed, 66070 ps)",HILLS_md_01.gz,COLVAR_md_01.gz,500001,500000.0000,1.0000,-0.6491,0.1434,-0.8560,-0.6465,-0.3951,-0.6156
simulations/CRY1_TH301/validation3_IN_seed_166600ps,CRY1_TH301,"Second seed set Run 3 (IN seed, 166600 ps)",HILLS_md_03.gz,COLVAR_md_03.gz,500001,500000.0000,1.0000,-1.0061,0.1647,-2.0275,-1.0249,-0.8909,-0.9638
simulations/CRY1_apo/earlier_single_run,CRY1_apo,Earlier single run (original submission),HILLS_CRY1_apo.gz,COLVAR_CRY1_apo.gz,500001,500000.0000,1.0000,0.3401,0.6383,0.3996,0.3605,0.7313,0.3041
simulations/CRY1_apo/staged1_OUT_seed_3980ps,CRY1_apo,"Staged Run 1 (OUT seed, 3980 ps)",HILLS_CRY1_apo_negative_500ns.gz,COLVAR_CRY1_apo_negative_500ns.gz,500001,500000.0000,1.0000,-0.4333,0.6369,0.5018,-0.4160,0.2862,-0.4319
simulations/CRY1_apo/staged2_transition_seed_20060ps,CRY1_apo,"Staged Run 2 (near-zero chi2 seed, 20060 ps)",HILLS_CRY1_apo_transition_500ns.gz,COLVAR_CRY1_apo_transition_500ns.gz,500001,500000.0000,1.0000,0.8308,0.1798,0.8320,0.7892,0.6552,0.7146
simulations/CRY1_apo/staged3_IN_seed_79690ps,CRY1_apo,"Staged Run 3 (IN seed, 79690 ps)",HILLS_CRY1_apo_positive_500ns.gz,COLVAR_CRY1_apo_positive_500ns.gz,500001,500000.0000,1.0000,0.3403,0.5296,0.5936,0.3842,0.5357,0.1044
simulations/CRY2_KL101/run1_OUT_seed_570ps,CRY2_KL101,"Run 1 (OUT seed, 570 ps)",HILLS_KL_md_01_570ps_500ns.gz,COLVAR_KL_md_01_570ps_500ns.gz,500001,500000.0000,1.0000,-0.3231,0.7166,-0.3939,-0.3063,0.0160,-0.5344
simulations/CRY2_KL101/run2r_IN_seed_41060ps,CRY2_KL101,"Run 2r (IN seed, 41060 ps)",HILLS_KL_md_02r_41060ps_stage02_500ns.gz,COLVAR_KL_md_02r_41060ps_stage02_500ns.gz,500001,500000.0000,1.0000,0.1120,0.6167,0.1514,0.1017,-0.1639,-0.1775
simulations/CRY2_KL101/run3r_transition_seed_93060ps,CRY2_KL101,"Run 3r (near-zero chi2 seed, 93060 ps)",HILLS_KL_md_03r_93060ps_stage03_500ns.gz,COLVAR_KL_md_03r_93060ps_stage03_500ns.gz,500001,500000.0000,1.0000,0.1737,0.5917,-0.3054,0.2036,-0.3256,0.7793
simulations/CRY2_TH301/run1_OUT_seed_960ps,CRY2_TH301,"Run 1 (OUT seed, 960 ps)",HILLS_fix_md_01_960ps_500ns.gz,COLVAR_fix_md_01_960ps_500ns.gz,500001,500000.0000,1.0000,0.7344,0.4595,0.7222,0.7229,0.4131,0.6259
simulations/CRY2_TH301/run2_transition_seed_11550ps,CRY2_TH301,"Run 2 (transition seed, 11550 ps)",HILLS_WTMD_from_EM.gz,COLVAR_WTMD_from_EM.gz,500001,500000.0000,1.0000,0.6202,0.6568,0.6160,0.6369,-0.0053,0.9658
simulations/CRY2_TH301/run3_IN_seed_13870ps,CRY2_TH301,"Run 3 (IN seed, 13870 ps)",HILLS_fix_md_03_13870ps_500ns.gz,COLVAR_fix_md_03_13870ps_500ns.gz,500001,500000.0000,1.0000,-0.7118,1.4244,-0.7214,-0.7382,-0.5363,-1.5231
simulations/CRY2_apo/earlier_single_run,CRY2_apo,Earlier single run (original submission),HILLS_apo.gz,COLVAR_apo.gz,500001,500000.0000,1.0000,-0.5773,0.9102,-0.5290,-0.5724,-0.0969,-1.2936
simulations/CRY2_apo/staged1_OUT_seed_4040ps,CRY2_apo,"Staged Run 1 (OUT seed, 4040 ps of stage I)",HILLS_CRY2_apo_01_negative_4040ps_500ns.gz,COLVAR_CRY2_apo_01_negative_4040ps_500ns.gz,500001,500000.0000,1.0000,0.6252,0.7169,-1.0026,0.6206,0.9611,0.4902
simulations/CRY2_apo/staged2_transition_seed_57640ps,CRY2_apo,"Staged Run 2 (near-zero chi2 seed, 57640 ps of stage IV)",HILLS_CRY2_apo_03_transition_57640ps_500ns.gz,COLVAR_CRY2_apo_03_transition_57640ps_500ns.gz,500001,500000.0000,1.0000,-0.0948,0.2171,-0.0069,-0.0775,0.0155,0.1857
simulations/CRY2_apo/staged3_IN_seed_80480ps,CRY2_apo,"Staged Run 3 (IN seed, 80480 ps of stage III)",HILLS_CRY2_apo_02_positive_80480ps_500ns.gz,COLVAR_CRY2_apo_02_positive_80480ps_500ns.gz,500001,500000.0000,1.0000,0.8324,1.1315,1.2272,0.8061,0.3360,1.4689
simulations/CRY2_apo/unstaged_IN_cMD_455760ps,CRY2_apo,Unstaged run from an IN frame of unbiased MD (455.76 ns),HILLS_CRY2_seed_apo_unbiased_in_455760ps.gz,COLVAR_CRY2_seed_apo_unbiased_in_455760ps.gz,500001,500000.0000,1.0000,0.7372,0.3298,0.5500,0.7313,-0.1955,1.0043
simulations/CRY2_apo/unstaged_OUT_cMD_201820ps,CRY2_apo,Unstaged run from an OUT frame of unbiased MD (201.82 ns),HILLS_seed_apo_unbiased_out_201820ps.gz,COLVAR_seed_apo_unbiased_out_201820ps.gz,500001,500000.0000,1.0000,-2.2024,0.5671,-2.4371,-2.2016,-0.2667,-1.4237
