system,run_folder,label,ligand,t0_chi1_deg,t0_chi2_deg,hills_rows,colvar_rows,start_structure,notes
CRY2_TH301,simulations/CRY2_TH301/run1_OUT_seed_960ps,"Run 1 (OUT seed, 960 ps)","TH301, 57-atom cyclopentane (DYX_smiles_GMX.itp, md5 38fe05ce...)",-169.95,-76.94,500000,500001,npt.gro (within 0.01 rad),"em1 (ring carbons free), em2, 100 ps NVT + 100 ps NPT (protein and ligand heavy atoms restrained, new 300 K velocities), then 500 ns WT-MetaD from npt.gro/npt.cpt (md.mdp)."
CRY2_TH301,simulations/CRY2_TH301/run2_transition_seed_11550ps,"Run 2 (transition seed, 11550 ps)","TH301, 57-atom cyclopentane (DYX_smiles_GMX.itp, md5 38fe05ce...)",-116.83,5.86,500000,500001,em2.gro (within 0.01 rad),"em1 and em2 with W417 chi1/chi2 restrained to the seed values (topol.top #ifdef DIHRES_W417, -DDIHRES_W417 in em1.mdp/em2.mdp); no NVT/NPT; 500 ns WT-MetaD started from em2.gro with new 300 K velocities (wtmd_from_em.mdp: continuation = no, gen_vel = yes, gen_seed = -1) and plumed_from_em.dat. nvt.mdp/npt.mdp/md.mdp/plumed.dat in this folder belong to the planned route that was not used."
CRY2_TH301,simulations/CRY2_TH301/run3_IN_seed_13870ps,"Run 3 (IN seed, 13870 ps)","TH301, 57-atom cyclopentane (DYX_smiles_GMX.itp, md5 38fe05ce...)",175.97,107.82,500000,500001,npt.gro (within 0.01 rad),As Run 1.
CRY2_apo,simulations/CRY2_apo/earlier_single_run,Earlier single run (original submission),none (apo),-168.66,-70.09,500000,500001,npt.gro (exact),
CRY2_apo,simulations/CRY2_apo/staged1_OUT_seed_4040ps,"Staged Run 1 (OUT seed, 4040 ps of stage I)",none (apo),157.25,-74.81,500000,500002,start.gro (within 0.01 rad),
CRY2_apo,simulations/CRY2_apo/staged2_transition_seed_57640ps,"Staged Run 2 (near-zero chi2 seed, 57640 ps of stage IV)",none (apo),-106.02,-0.00,500000,500001,start.gro (within 0.01 rad),
CRY2_apo,simulations/CRY2_apo/staged3_IN_seed_80480ps,"Staged Run 3 (IN seed, 80480 ps of stage III)",none (apo),-37.85,94.17,500000,500001,start.gro (within 0.01 rad),
CRY2_apo,simulations/CRY2_apo/unstaged_IN_cMD_455760ps,Unstaged run from an IN frame of unbiased MD (455.76 ns),none (apo),-157.90,71.31,500000,500001,seed_apo_unbiased_in_455760ps.gro (within 0.01 rad),
CRY2_apo,simulations/CRY2_apo/unstaged_OUT_cMD_201820ps,Unstaged run from an OUT frame of unbiased MD (201.82 ns),none (apo),-172.01,-56.26,500000,500001,npt.gro (within 0.01 rad),
CRY1_apo,simulations/CRY1_apo/earlier_single_run,Earlier single run (original submission),none (apo),179.50,-74.66,500000,500001,npt.gro (within 0.01 rad),
CRY1_apo,simulations/CRY1_apo/staged1_OUT_seed_3980ps,"Staged Run 1 (OUT seed, 3980 ps)",none (apo),160.02,-75.60,500000,500002,start.gro (within 0.01 rad),
CRY1_apo,simulations/CRY1_apo/staged2_transition_seed_20060ps,"Staged Run 2 (near-zero chi2 seed, 20060 ps)",none (apo),70.71,0.47,500000,500001,start.gro (within 0.01 rad),
CRY1_apo,simulations/CRY1_apo/staged3_IN_seed_79690ps,"Staged Run 3 (IN seed, 79690 ps)",none (apo),54.09,94.05,500025,500001,start.gro (within 0.01 rad),
CRY1_TH301,simulations/CRY1_TH301/primary1_IN_seed_2530ps,"Primary Run 1 (IN seed, 2530 ps)","TH301, 57-atom cyclopentane (DYX_smiles_GMX.itp, md5 38fe05ce...)",-152.18,94.63,500025,500001,conf.gro (exact),md.mdp is the shared production file of CRY1/CRY1_WTMD (the run folder has none).
CRY1_TH301,simulations/CRY1_TH301/primary2_transition_seed_24710ps,"Primary Run 2 (near-zero chi2 seed, 24710 ps)","TH301, 57-atom cyclopentane (DYX_smiles_GMX.itp, md5 38fe05ce...)",-164.41,0.60,500025,500001,conf.gro (exact),
CRY1_TH301,simulations/CRY1_TH301/primary3_OUT_seed_113160ps,"Primary Run 3 (OUT seed, 113160 ps)","TH301, 57-atom cyclopentane (DYX_smiles_GMX.itp, md5 38fe05ce...)",98.41,-77.17,500050,500001,conf.gro (exact),
CRY1_TH301,simulations/CRY1_TH301/validation1_transition_seed_93110ps,"Second seed set Run 1 (near-zero chi2 seed, 93110 ps)","TH301, 57-atom cyclopentane (DYX_smiles_GMX.itp, md5 38fe05ce...)",128.17,0.48,500000,500001,conf.gro (within 0.01 rad),
CRY1_TH301,simulations/CRY1_TH301/validation2_OUT_seed_66070ps,"Second seed set Run 2 (OUT seed, 66070 ps)","TH301, 57-atom cyclopentane (DYX_smiles_GMX.itp, md5 38fe05ce...)",158.00,-77.90,500000,500001,conf.gro (within 0.01 rad),
CRY1_TH301,simulations/CRY1_TH301/validation3_IN_seed_166600ps,"Second seed set Run 3 (IN seed, 166600 ps)","TH301, 57-atom cyclopentane (DYX_smiles_GMX.itp, md5 38fe05ce...)",-145.25,94.45,500000,500001,conf.gro (within 0.01 rad),
CRY2_KL101,simulations/CRY2_KL101/run1_OUT_seed_570ps,"Run 1 (OUT seed, 570 ps)",KL101 (KL101_GAFF2.itp; DiffDock pose),-151.56,-75.69,500000,500001,KL_md_01_570ps.gro (within 0.01 rad),
CRY2_KL101,simulations/CRY2_KL101/run2r_IN_seed_41060ps,"Run 2r (IN seed, 41060 ps)",KL101 (KL101_GAFF2.itp; DiffDock pose),-163.35,94.58,500000,500001,KL_md_02r_41060ps.gro (within 0.01 rad),
CRY2_KL101,simulations/CRY2_KL101/run3r_transition_seed_93060ps,"Run 3r (near-zero chi2 seed, 93060 ps)",KL101 (KL101_GAFF2.itp; DiffDock pose),-67.96,-0.30,500000,500001,KL_md_03r_93060ps.gro (within 0.01 rad),
